{
    "vertices": [0.577,-0.577,-0.577,0.577,-0.577,0.577,-0.577,-0.577,0.577,-0.577,-0.577,-0.577,0.577,0.577,-0.577,0.577,0.577,0.577,-0.577,0.577,0.577,-0.577,0.577,-0.577],
    "faces": [33,0,1,2,3,0,1,2,3,33,4,7,6,5,4,5,6,7,33,0,4,5,1,0,4,7,1,33,1,5,6,2,1,7,6,2,33,2,6,7,3,2,6,5,3,33,4,0,3,7,4,0,3,5],
    "name": "CubeGeometry.2",
    "metadata": {
        "vertices": 8,
        "faces": 6,
        "normals": 8,
        "generator": "io_three",
        "type": "Geometry",
        "version": 3
    },
    "normals": [0.577349,-0.577349,-0.577349,0.577349,-0.577349,0.577349,-0.577349,-0.577349,0.577349,-0.577349,-0.577349,-0.577349,0.577349,0.577349,-0.577349,-0.577349,0.577349,-0.577349,-0.577349,0.577349,0.577349,0.577349,0.577349,0.577349]
}